<?xml version="1.0" encoding="UTF-8"?>
<!DOCTYPE plist PUBLIC "-//Apple//DTD PLIST 1.0//EN" "http://www.apple.com/DTDs/PropertyList-1.0.dtd">
<plist version="1.0">
    <dict>
        <key>application-identifier</key>
        <string>com.iikira.baidupcsgo</string>
        <key>get-task-allow</key>
        <true/>
        <key>platform-application</key>
        <true/>
        <key>keychain-access-groups</key>
        <array>
            <string>com.iikira.baidupcsgo</string>
        </array>
    </dict>
</plist>